"","dateHour","dayOfWeek","socialNetwork","sessions"
"1","2015010100","4","(not set)",46
"2","2015010101","4","(not set)",75
"3","2015010102","4","(not set)",35
"4","2015010103","4","(not set)",46
"5","2015010104","4","(not set)",98
"6","2015010105","4","(not set)",41
"7","2015010106","4","(not set)",75
"8","2015010107","4","(not set)",69
"9","2015010108","4","(not set)",81
"10","2015010109","4","(not set)",110
"11","2015010110","4","(not set)",87
"12","2015010111","4","(not set)",162
"13","2015010112","4","(not set)",98
"14","2015010113","4","(not set)",98
"15","2015010114","4","(not set)",81
"16","2015010115","4","(not set)",110
"17","2015010116","4","(not set)",52
"18","2015010117","4","(not set)",151
"19","2015010118","4","(not set)",81
"20","2015010119","4","(not set)",98
"21","2015010120","4","(not set)",110
"22","2015010121","4","(not set)",81
"23","2015010122","4","(not set)",116
"24","2015010123","4","(not set)",110
"25","2015010200","5","(not set)",93
"26","2015010201","5","(not set)",133
"27","2015010202","5","(not set)",98
"28","2015010203","5","(not set)",104
"29","2015010204","5","(not set)",162
"30","2015010205","5","(not set)",98
"31","2015010206","5","(not set)",151
"32","2015010207","5","(not set)",208
"33","2015010208","5","(not set)",156
"34","2015010209","5","(not set)",191
"35","2015010210","5","(not set)",168
"36","2015010211","5","(not set)",139
"37","2015010212","5","(not set)",162
"38","2015010213","5","(not set)",220
"39","2015010214","5","(not set)",179
"40","2015010215","5","(not set)",174
"41","2015010216","5","(not set)",191
"42","2015010217","5","(not set)",168
"43","2015010218","5","(not set)",87
"44","2015010219","5","(not set)",75
"45","2015010220","5","(not set)",75
"46","2015010221","5","(not set)",93
"47","2015010222","5","(not set)",98
"48","2015010223","5","(not set)",87
"49","2015010300","6","(not set)",69
"50","2015010301","6","(not set)",69
"51","2015010302","6","(not set)",81
"52","2015010303","6","(not set)",58
"53","2015010304","6","(not set)",41
"54","2015010305","6","(not set)",87
"55","2015010306","6","(not set)",139
"56","2015010307","6","(not set)",104
"57","2015010308","6","(not set)",69
"58","2015010309","6","(not set)",116
"59","2015010310","6","(not set)",156
"60","2015010311","6","(not set)",127
"61","2015010312","6","(not set)",156
"62","2015010313","6","(not set)",116
"63","2015010314","6","(not set)",145
"64","2015010315","6","(not set)",87
"65","2015010316","6","(not set)",110
"66","2015010317","6","(not set)",116
"67","2015010318","6","(not set)",75
"68","2015010319","6","(not set)",156
"69","2015010320","6","(not set)",133
"70","2015010321","6","(not set)",179
"71","2015010322","6","(not set)",179
"72","2015010323","6","(not set)",98
"73","2015010400","0","(not set)",81
"74","2015010401","0","(not set)",93
"75","2015010402","0","(not set)",87
"76","2015010403","0","(not set)",133
"77","2015010404","0","(not set)",69
"78","2015010405","0","(not set)",87
"79","2015010406","0","(not set)",58
"80","2015010407","0","(not set)",110
"81","2015010408","0","(not set)",93
"82","2015010409","0","(not set)",122
"83","2015010410","0","(not set)",122
"84","2015010411","0","(not set)",122
"85","2015010412","0","(not set)",110
"86","2015010413","0","(not set)",116
"87","2015010414","0","(not set)",174
"88","2015010415","0","(not set)",122
"89","2015010416","0","(not set)",185
"90","2015010417","0","(not set)",139
"91","2015010418","0","(not set)",145
"92","2015010419","0","(not set)",151
"93","2015010420","0","(not set)",168
"94","2015010421","0","(not set)",174
"95","2015010422","0","(not set)",179
"96","2015010423","0","(not set)",168
"97","2015010500","1","(not set)",237
"98","2015010501","1","(not set)",261
"99","2015010502","1","(not set)",168
"100","2015010503","1","(not set)",272
"101","2015010504","1","(not set)",324
"102","2015010505","1","(not set)",353
"103","2015010506","1","(not set)",324
"104","2015010507","1","(not set)",272
"105","2015010508","1","(not set)",365
"106","2015010509","1","(not set)",446
"107","2015010510","1","(not set)",556
"108","2015010511","1","(not set)",590
"109","2015010512","1","(not set)",313
"110","2015010513","1","(not set)",446
"111","2015010514","1","(not set)",428
"112","2015010515","1","(not set)",411
"113","2015010516","1","(not set)",336
"114","2015010517","1","(not set)",249
"115","2015010518","1","(not set)",255
"116","2015010519","1","(not set)",220
"117","2015010520","1","(not set)",336
"118","2015010521","1","(not set)",255
"119","2015010522","1","(not set)",342
"120","2015010523","1","(not set)",388
"121","2015010600","2","(not set)",168
"122","2015010601","2","(not set)",353
"123","2015010602","2","(not set)",249
"124","2015010603","2","(not set)",232
"125","2015010604","2","(not set)",330
"126","2015010605","2","(not set)",382
"127","2015010606","2","(not set)",307
"128","2015010607","2","(not set)",330
"129","2015010608","2","(not set)",440
"130","2015010609","2","(not set)",480
"131","2015010610","2","(not set)",452
"132","2015010611","2","(not set)",463
"133","2015010612","2","(not set)",480
"134","2015010613","2","(not set)",423
"135","2015010614","2","(not set)",295
"136","2015010615","2","(not set)",399
"137","2015010616","2","(not set)",417
"138","2015010617","2","(not set)",336
"139","2015010618","2","(not set)",226
"140","2015010619","2","(not set)",208
"141","2015010620","2","(not set)",208
"142","2015010621","2","(not set)",214
"143","2015010622","2","(not set)",208
"144","2015010623","2","(not set)",203
"145","2015010700","3","(not set)",261
"146","2015010701","3","(not set)",382
"147","2015010702","3","(not set)",579
"148","2015010703","3","(not set)",521
"149","2015010704","3","(not set)",509
"150","2015010705","3","(not set)",573
"151","2015010706","3","(not set)",353
"152","2015010707","3","(not set)",388
"153","2015010708","3","(not set)",544
"154","2015010709","3","(not set)",504
"155","2015010710","3","(not set)",585
"156","2015010711","3","(not set)",457
"157","2015010712","3","(not set)",411
"158","2015010713","3","(not set)",538
"159","2015010714","3","(not set)",590
"160","2015010715","3","(not set)",492
"161","2015010716","3","(not set)",521
"162","2015010717","3","(not set)",440
"163","2015010718","3","(not set)",411
"164","2015010719","3","(not set)",434
"165","2015010720","3","(not set)",220
"166","2015010721","3","(not set)",203
"167","2015010722","3","(not set)",301
"168","2015010723","3","(not set)",151
"169","2015010800","4","(not set)",197
"170","2015010801","4","(not set)",324
"171","2015010802","4","(not set)",284
"172","2015010803","4","(not set)",295
"173","2015010804","4","(not set)",313
"174","2015010805","4","(not set)",342
"175","2015010806","4","(not set)",428
"176","2015010807","4","(not set)",411
"177","2015010808","4","(not set)",521
"178","2015010809","4","(not set)",619
"179","2015010810","4","(not set)",527
"180","2015010811","4","(not set)",434
"181","2015010812","4","(not set)",382
"182","2015010813","4","(not set)",452
"183","2015010814","4","(not set)",394
"184","2015010815","4","(not set)",434
"185","2015010816","4","(not set)",330
"186","2015010817","4","(not set)",174
"187","2015010818","4","(not set)",197
"188","2015010819","4","(not set)",197
"189","2015010820","4","(not set)",237
"190","2015010821","4","(not set)",208
"191","2015010822","4","(not set)",214
"192","2015010823","4","(not set)",179
"193","2015010900","5","(not set)",214
"194","2015010901","5","(not set)",278
"195","2015010902","5","(not set)",289
"196","2015010903","5","(not set)",318
"197","2015010904","5","(not set)",272
"198","2015010905","5","(not set)",376
"199","2015010906","5","(not set)",359
"200","2015010907","5","(not set)",243
"201","2015010908","5","(not set)",359
"202","2015010909","5","(not set)",492
"203","2015010910","5","(not set)",556
"204","2015010911","5","(not set)",353
"205","2015010912","5","(not set)",272
"206","2015010913","5","(not set)",330
"207","2015010914","5","(not set)",411
"208","2015010915","5","(not set)",353
"209","2015010916","5","(not set)",313
"210","2015010917","5","(not set)",266
"211","2015010918","5","(not set)",122
"212","2015010919","5","(not set)",145
"213","2015010920","5","(not set)",104
"214","2015010921","5","(not set)",93
"215","2015010922","5","(not set)",75
"216","2015010923","5","(not set)",81
"217","2015011000","6","(not set)",116
"218","2015011001","6","(not set)",75
"219","2015011002","6","(not set)",110
"220","2015011003","6","(not set)",122
"221","2015011004","6","(not set)",104
"222","2015011005","6","(not set)",110
"223","2015011006","6","(not set)",122
"224","2015011007","6","(not set)",162
"225","2015011008","6","(not set)",116
"226","2015011009","6","(not set)",139
"227","2015011010","6","(not set)",203
"228","2015011011","6","(not set)",151
"229","2015011012","6","(not set)",156
"230","2015011013","6","(not set)",151
"231","2015011014","6","(not set)",203
"232","2015011015","6","(not set)",156
"233","2015011016","6","(not set)",151
"234","2015011017","6","(not set)",122
"235","2015011018","6","(not set)",98
"236","2015011019","6","(not set)",29
"237","2015011020","6","(not set)",58
"238","2015011021","6","(not set)",116
"239","2015011022","6","(not set)",52
"240","2015011023","6","(not set)",69
"241","2015011100","0","(not set)",93
"242","2015011101","0","(not set)",69
"243","2015011102","0","(not set)",110
"244","2015011103","0","(not set)",104
"245","2015011104","0","(not set)",81
"246","2015011105","0","(not set)",98
"247","2015011106","0","(not set)",156
"248","2015011107","0","(not set)",93
"249","2015011108","0","(not set)",104
"250","2015011109","0","(not set)",87
"251","2015011110","0","(not set)",87
"252","2015011111","0","(not set)",133
"253","2015011112","0","(not set)",237
"254","2015011113","0","(not set)",156
"255","2015011114","0","(not set)",179
"256","2015011115","0","(not set)",203
"257","2015011116","0","(not set)",110
"258","2015011117","0","(not set)",162
"259","2015011118","0","(not set)",122
"260","2015011119","0","(not set)",162
"261","2015011120","0","(not set)",127
"262","2015011121","0","(not set)",203
"263","2015011122","0","(not set)",203
"264","2015011123","0","(not set)",191
"265","2015011200","1","(not set)",197
"266","2015011201","1","(not set)",214
"267","2015011202","1","(not set)",272
"268","2015011203","1","(not set)",405
"269","2015011204","1","(not set)",359
"270","2015011205","1","(not set)",394
"271","2015011206","1","(not set)",353
"272","2015011207","1","(not set)",423
"273","2015011208","1","(not set)",423
"274","2015011209","1","(not set)",654
"275","2015011210","1","(not set)",480
"276","2015011211","1","(not set)",521
"277","2015011212","1","(not set)",330
"278","2015011213","1","(not set)",469
"279","2015011214","1","(not set)",388
"280","2015011215","1","(not set)",371
"281","2015011216","1","(not set)",359
"282","2015011217","1","(not set)",255
"283","2015011218","1","(not set)",139
"284","2015011219","1","(not set)",139
"285","2015011220","1","(not set)",191
"286","2015011221","1","(not set)",255
"287","2015011222","1","(not set)",191
"288","2015011223","1","(not set)",156
"289","2015011300","2","(not set)",208
"290","2015011301","2","(not set)",330
"291","2015011302","2","(not set)",347
"292","2015011303","2","(not set)",440
"293","2015011304","2","(not set)",515
"294","2015011305","2","(not set)",359
"295","2015011306","2","(not set)",318
"296","2015011307","2","(not set)",371
"297","2015011308","2","(not set)",423
"298","2015011309","2","(not set)",666
"299","2015011310","2","(not set)",776
"300","2015011311","2","(not set)",567
"301","2015011312","2","(not set)",492
"302","2015011313","2","(not set)",538
"303","2015011314","2","(not set)",475
"304","2015011315","2","(not set)",405
"305","2015011316","2","(not set)",452
"306","2015011317","2","(not set)",261
"307","2015011318","2","(not set)",168
"308","2015011319","2","(not set)",232
"309","2015011320","2","(not set)",284
"310","2015011321","2","(not set)",255
"311","2015011322","2","(not set)",174
"312","2015011323","2","(not set)",208
"313","2015011400","3","(not set)",249
"314","2015011401","3","(not set)",249
"315","2015011402","3","(not set)",249
"316","2015011403","3","(not set)",411
"317","2015011404","3","(not set)",405
"318","2015011405","3","(not set)",318
"319","2015011406","3","(not set)",394
"320","2015011407","3","(not set)",359
"321","2015011408","3","(not set)",504
"322","2015011409","3","(not set)",579
"323","2015011410","3","(not set)",729
"324","2015011411","3","(not set)",417
"325","2015011412","3","(not set)",434
"326","2015011413","3","(not set)",475
"327","2015011414","3","(not set)",486
"328","2015011415","3","(not set)",318
"329","2015011416","3","(not set)",382
"330","2015011417","3","(not set)",237
"331","2015011418","3","(not set)",255
"332","2015011419","3","(not set)",208
"333","2015011420","3","(not set)",226
"334","2015011421","3","(not set)",347
"335","2015011422","3","(not set)",417
"336","2015011423","3","(not set)",185
"337","2015011500","4","(not set)",255
"338","2015011501","4","(not set)",272
"339","2015011502","4","(not set)",301
"340","2015011503","4","(not set)",342
"341","2015011504","4","(not set)",440
"342","2015011505","4","(not set)",318
"343","2015011506","4","(not set)",324
"344","2015011507","4","(not set)",330
"345","2015011508","4","(not set)",509
"346","2015011509","4","(not set)",527
"347","2015011510","4","(not set)",562
"348","2015011511","4","(not set)",602
"349","2015011512","4","(not set)",446
"350","2015011513","4","(not set)",521
"351","2015011514","4","(not set)",521
"352","2015011515","4","(not set)",457
"353","2015011516","4","(not set)",347
"354","2015011517","4","(not set)",295
"355","2015011518","4","(not set)",185
"356","2015011519","4","(not set)",208
"357","2015011520","4","(not set)",214
"358","2015011521","4","(not set)",243
"359","2015011522","4","(not set)",174
"360","2015011523","4","(not set)",156
"361","2015011600","5","(not set)",174
"362","2015011601","5","(not set)",203
"363","2015011602","5","(not set)",324
"364","2015011603","5","(not set)",301
"365","2015011604","5","(not set)",492
"366","2015011605","5","(not set)",527
"367","2015011606","5","(not set)",359
"368","2015011607","5","(not set)",330
"369","2015011608","5","(not set)",498
"370","2015011609","5","(not set)",463
"371","2015011610","5","(not set)",452
"372","2015011611","5","(not set)",457
"373","2015011612","5","(not set)",295
"374","2015011613","5","(not set)",452
"375","2015011614","5","(not set)",324
"376","2015011615","5","(not set)",434
"377","2015011616","5","(not set)",237
"378","2015011617","5","(not set)",220
"379","2015011618","5","(not set)",69
"380","2015011619","5","(not set)",116
"381","2015011620","5","(not set)",87
"382","2015011621","5","(not set)",110
"383","2015011622","5","(not set)",93
"384","2015011623","5","(not set)",87
"385","2015011700","6","(not set)",133
"386","2015011701","6","(not set)",133
"387","2015011702","6","(not set)",93
"388","2015011703","6","(not set)",104
"389","2015011704","6","(not set)",127
"390","2015011705","6","(not set)",122
"391","2015011706","6","(not set)",127
"392","2015011707","6","(not set)",197
"393","2015011708","6","(not set)",110
"394","2015011709","6","(not set)",203
"395","2015011710","6","(not set)",179
"396","2015011711","6","(not set)",156
"397","2015011712","6","(not set)",133
"398","2015011713","6","(not set)",220
"399","2015011714","6","(not set)",168
"400","2015011715","6","(not set)",98
"401","2015011716","6","(not set)",98
"402","2015011717","6","(not set)",104
"403","2015011718","6","(not set)",122
"404","2015011719","6","(not set)",98
"405","2015011720","6","(not set)",93
"406","2015011721","6","(not set)",64
"407","2015011722","6","(not set)",93
"408","2015011723","6","(not set)",46
"409","2015011800","0","(not set)",98
"410","2015011801","0","(not set)",93
"411","2015011802","0","(not set)",46
"412","2015011803","0","(not set)",41
"413","2015011804","0","(not set)",69
"414","2015011805","0","(not set)",93
"415","2015011806","0","(not set)",197
"416","2015011807","0","(not set)",122
"417","2015011808","0","(not set)",145
"418","2015011809","0","(not set)",191
"419","2015011810","0","(not set)",249
"420","2015011811","0","(not set)",133
"421","2015011812","0","(not set)",226
"422","2015011813","0","(not set)",151
"423","2015011814","0","(not set)",237
"424","2015011815","0","(not set)",214
"425","2015011816","0","(not set)",151
"426","2015011817","0","(not set)",127
"427","2015011818","0","(not set)",122
"428","2015011819","0","(not set)",156
"429","2015011820","0","(not set)",261
"430","2015011821","0","(not set)",179
"431","2015011822","0","(not set)",237
"432","2015011823","0","(not set)",151
"433","2015011900","1","(not set)",249
"434","2015011901","1","(not set)",266
"435","2015011902","1","(not set)",301
"436","2015011903","1","(not set)",347
"437","2015011904","1","(not set)",405
"438","2015011905","1","(not set)",388
"439","2015011906","1","(not set)",417
"440","2015011907","1","(not set)",365
"441","2015011908","1","(not set)",521
"442","2015011909","1","(not set)",480
"443","2015011910","1","(not set)",492
"444","2015011911","1","(not set)",330
"445","2015011912","1","(not set)",376
"446","2015011913","1","(not set)",399
"447","2015011914","1","(not set)",446
"448","2015011915","1","(not set)",405
"449","2015011916","1","(not set)",428
"450","2015011917","1","(not set)",214
"451","2015011918","1","(not set)",278
"452","2015011919","1","(not set)",232
"453","2015011920","1","(not set)",232
"454","2015011921","1","(not set)",226
"455","2015011922","1","(not set)",232
"456","2015011923","1","(not set)",249
"457","2015012000","2","(not set)",278
"458","2015012001","2","(not set)",284
"459","2015012002","2","(not set)",359
"460","2015012003","2","(not set)",411
"461","2015012004","2","(not set)",336
"462","2015012005","2","(not set)",347
"463","2015012006","2","(not set)",336
"464","2015012007","2","(not set)",515
"465","2015012008","2","(not set)",428
"466","2015012009","2","(not set)",567
"467","2015012010","2","(not set)",631
"468","2015012011","2","(not set)",596
"469","2015012012","2","(not set)",579
"470","2015012013","2","(not set)",423
"471","2015012014","2","(not set)",417
"472","2015012015","2","(not set)",411
"473","2015012016","2","(not set)",382
"474","2015012017","2","(not set)",278
"475","2015012018","2","(not set)",191
"476","2015012019","2","(not set)",185
"477","2015012020","2","(not set)",226
"478","2015012021","2","(not set)",203
"479","2015012022","2","(not set)",179
"480","2015012023","2","(not set)",179
"481","2015012100","3","(not set)",208
"482","2015012101","3","(not set)",220
"483","2015012102","3","(not set)",261
"484","2015012103","3","(not set)",394
"485","2015012104","3","(not set)",527
"486","2015012105","3","(not set)",359
"487","2015012106","3","(not set)",365
"488","2015012107","3","(not set)",324
"489","2015012108","3","(not set)",504
"490","2015012109","3","(not set)",417
"491","2015012110","3","(not set)",550
"492","2015012111","3","(not set)",643
"493","2015012112","3","(not set)",428
"494","2015012113","3","(not set)",411
"495","2015012114","3","(not set)",463
"496","2015012115","3","(not set)",538
"497","2015012116","3","(not set)",324
"498","2015012117","3","(not set)",324
"499","2015012118","3","(not set)",295
"500","2015012119","3","(not set)",255
"501","2015012120","3","(not set)",232
"502","2015012121","3","(not set)",266
"503","2015012122","3","(not set)",226
"504","2015012123","3","(not set)",237
"505","2015012200","4","(not set)",208
"506","2015012201","4","(not set)",307
"507","2015012202","4","(not set)",284
"508","2015012203","4","(not set)",353
"509","2015012204","4","(not set)",434
"510","2015012205","4","(not set)",307
"511","2015012206","4","(not set)",394
"512","2015012207","4","(not set)",486
"513","2015012208","4","(not set)",527
"514","2015012209","4","(not set)",521
"515","2015012210","4","(not set)",625
"516","2015012211","4","(not set)",596
"517","2015012212","4","(not set)",405
"518","2015012213","4","(not set)",336
"519","2015012214","4","(not set)",405
"520","2015012215","4","(not set)",457
"521","2015012216","4","(not set)",446
"522","2015012217","4","(not set)",226
"523","2015012218","4","(not set)",289
"524","2015012219","4","(not set)",174
"525","2015012220","4","(not set)",249
"526","2015012221","4","(not set)",266
"527","2015012222","4","(not set)",162
"528","2015012223","4","(not set)",185
"529","2015012300","5","(not set)",255
"530","2015012301","5","(not set)",232
"531","2015012302","5","(not set)",249
"532","2015012303","5","(not set)",295
"533","2015012304","5","(not set)",388
"534","2015012305","5","(not set)",353
"535","2015012306","5","(not set)",388
"536","2015012307","5","(not set)",394
"537","2015012308","5","(not set)",504
"538","2015012309","5","(not set)",527
"539","2015012310","5","(not set)",394
"540","2015012311","5","(not set)",527
"541","2015012312","5","(not set)",313
"542","2015012313","5","(not set)",313
"543","2015012314","5","(not set)",359
"544","2015012315","5","(not set)",336
"545","2015012316","5","(not set)",382
"546","2015012317","5","(not set)",249
"547","2015012318","5","(not set)",168
"548","2015012319","5","(not set)",110
"549","2015012320","5","(not set)",64
"550","2015012321","5","(not set)",116
"551","2015012322","5","(not set)",98
"552","2015012323","5","(not set)",64
"553","2015012400","6","(not set)",69
"554","2015012401","6","(not set)",116
"555","2015012402","6","(not set)",133
"556","2015012403","6","(not set)",93
"557","2015012404","6","(not set)",133
"558","2015012405","6","(not set)",93
"559","2015012406","6","(not set)",110
"560","2015012407","6","(not set)",133
"561","2015012408","6","(not set)",122
"562","2015012409","6","(not set)",127
"563","2015012410","6","(not set)",133
"564","2015012411","6","(not set)",127
"565","2015012412","6","(not set)",174
"566","2015012413","6","(not set)",162
"567","2015012414","6","(not set)",156
"568","2015012415","6","(not set)",185
"569","2015012416","6","(not set)",220
"570","2015012417","6","(not set)",127
"571","2015012418","6","(not set)",104
"572","2015012419","6","(not set)",116
"573","2015012420","6","(not set)",104
"574","2015012421","6","(not set)",81
"575","2015012422","6","(not set)",104
"576","2015012423","6","(not set)",87
"577","2015012500","0","(not set)",75
"578","2015012501","0","(not set)",52
"579","2015012502","0","(not set)",58
"580","2015012503","0","(not set)",75
"581","2015012504","0","(not set)",87
"582","2015012505","0","(not set)",168
"583","2015012506","0","(not set)",75
"584","2015012507","0","(not set)",127
"585","2015012508","0","(not set)",197
"586","2015012509","0","(not set)",116
"587","2015012510","0","(not set)",203
"588","2015012511","0","(not set)",185
"589","2015012512","0","(not set)",185
"590","2015012513","0","(not set)",179
"591","2015012514","0","(not set)",174
"592","2015012515","0","(not set)",197
"593","2015012516","0","(not set)",191
"594","2015012517","0","(not set)",208
"595","2015012518","0","(not set)",93
"596","2015012519","0","(not set)",116
"597","2015012520","0","(not set)",168
"598","2015012521","0","(not set)",64
"599","2015012522","0","(not set)",191
"600","2015012523","0","(not set)",162
"601","2015012600","1","(not set)",197
"602","2015012601","1","(not set)",232
"603","2015012602","1","(not set)",272
"604","2015012603","1","(not set)",278
"605","2015012604","1","(not set)",307
"606","2015012605","1","(not set)",365
"607","2015012606","1","(not set)",336
"608","2015012607","1","(not set)",347
"609","2015012608","1","(not set)",434
"610","2015012609","1","(not set)",498
"611","2015012610","1","(not set)",602
"612","2015012611","1","(not set)",498
"613","2015012612","1","(not set)",434
"614","2015012613","1","(not set)",521
"615","2015012614","1","(not set)",457
"616","2015012615","1","(not set)",405
"617","2015012616","1","(not set)",371
"618","2015012617","1","(not set)",226
"619","2015012618","1","(not set)",197
"620","2015012619","1","(not set)",208
"621","2015012620","1","(not set)",284
"622","2015012621","1","(not set)",295
"623","2015012622","1","(not set)",174
"624","2015012623","1","(not set)",168
"625","2015012700","2","(not set)",318
"626","2015012701","2","(not set)",463
"627","2015012702","2","(not set)",301
"628","2015012703","2","(not set)",498
"629","2015012704","2","(not set)",573
"630","2015012705","2","(not set)",394
"631","2015012706","2","(not set)",463
"632","2015012707","2","(not set)",515
"633","2015012708","2","(not set)",596
"634","2015012709","2","(not set)",596
"635","2015012710","2","(not set)",619
"636","2015012711","2","(not set)",631
"637","2015012712","2","(not set)",596
"638","2015012713","2","(not set)",463
"639","2015012714","2","(not set)",527
"640","2015012715","2","(not set)",446
"641","2015012716","2","(not set)",324
"642","2015012717","2","(not set)",301
"643","2015012718","2","(not set)",272
"644","2015012719","2","(not set)",179
"645","2015012720","2","(not set)",255
"646","2015012721","2","(not set)",249
"647","2015012722","2","(not set)",168
"648","2015012723","2","(not set)",122
"649","2015012800","3","(not set)",220
"650","2015012801","3","(not set)",289
"651","2015012802","3","(not set)",278
"652","2015012803","3","(not set)",347
"653","2015012804","3","(not set)",318
"654","2015012805","3","(not set)",405
"655","2015012806","3","(not set)",318
"656","2015012807","3","(not set)",394
"657","2015012808","3","(not set)",515
"658","2015012809","3","(not set)",579
"659","2015012810","3","(not set)",625
"660","2015012811","3","(not set)",567
"661","2015012812","3","(not set)",567
"662","2015012813","3","(not set)",521
"663","2015012814","3","(not set)",515
"664","2015012815","3","(not set)",492
"665","2015012816","3","(not set)",434
"666","2015012817","3","(not set)",353
"667","2015012818","3","(not set)",266
"668","2015012819","3","(not set)",261
"669","2015012820","3","(not set)",226
"670","2015012821","3","(not set)",214
"671","2015012822","3","(not set)",243
"672","2015012823","3","(not set)",179
"673","2015012900","4","(not set)",208
"674","2015012901","4","(not set)",255
"675","2015012902","4","(not set)",347
"676","2015012903","4","(not set)",486
"677","2015012904","4","(not set)",469
"678","2015012905","4","(not set)",469
"679","2015012906","4","(not set)",347
"680","2015012907","4","(not set)",434
"681","2015012908","4","(not set)",428
"682","2015012909","4","(not set)",590
"683","2015012910","4","(not set)",666
"684","2015012911","4","(not set)",515
"685","2015012912","4","(not set)",486
"686","2015012913","4","(not set)",405
"687","2015012914","4","(not set)",405
"688","2015012915","4","(not set)",434
"689","2015012916","4","(not set)",376
"690","2015012917","4","(not set)",261
"691","2015012918","4","(not set)",261
"692","2015012919","4","(not set)",174
"693","2015012920","4","(not set)",347
"694","2015012921","4","(not set)",359
"695","2015012922","4","(not set)",255
"696","2015012923","4","(not set)",324
"697","2015013000","5","(not set)",307
"698","2015013001","5","(not set)",295
"699","2015013002","5","(not set)",347
"700","2015013003","5","(not set)",307
"701","2015013004","5","(not set)",452
"702","2015013005","5","(not set)",394
"703","2015013006","5","(not set)",365
"704","2015013007","5","(not set)",336
"705","2015013008","5","(not set)",504
"706","2015013009","5","(not set)",492
"707","2015013010","5","(not set)",469
"708","2015013011","5","(not set)",475
"709","2015013012","5","(not set)",428
"710","2015013013","5","(not set)",440
"711","2015013014","5","(not set)",457
"712","2015013015","5","(not set)",486
"713","2015013016","5","(not set)",318
"714","2015013017","5","(not set)",330
"715","2015013018","5","(not set)",295
"716","2015013019","5","(not set)",232
"717","2015013020","5","(not set)",220
"718","2015013021","5","(not set)",98
"719","2015013022","5","(not set)",116
"720","2015013023","5","(not set)",110
"721","2015013100","6","(not set)",81
"722","2015013101","6","(not set)",122
"723","2015013102","6","(not set)",64
"724","2015013103","6","(not set)",64
"725","2015013104","6","(not set)",122
"726","2015013105","6","(not set)",75
"727","2015013106","6","(not set)",93
"728","2015013107","6","(not set)",145
"729","2015013108","6","(not set)",226
"730","2015013109","6","(not set)",197
"731","2015013110","6","(not set)",226
"732","2015013111","6","(not set)",185
"733","2015013112","6","(not set)",179
"734","2015013113","6","(not set)",220
"735","2015013114","6","(not set)",237
"736","2015013115","6","(not set)",226
"737","2015013116","6","(not set)",197
"738","2015013117","6","(not set)",174
"739","2015013118","6","(not set)",156
"740","2015013119","6","(not set)",185
"741","2015013120","6","(not set)",145
"742","2015013121","6","(not set)",174
"743","2015013122","6","(not set)",168
"744","2015013123","6","(not set)",156
"745","2015020100","0","(not set)",145
"746","2015020101","0","(not set)",139
"747","2015020102","0","(not set)",81
"748","2015020103","0","(not set)",122
"749","2015020104","0","(not set)",122
"750","2015020105","0","(not set)",116
"751","2015020106","0","(not set)",110
"752","2015020107","0","(not set)",168
"753","2015020108","0","(not set)",139
"754","2015020109","0","(not set)",197
"755","2015020110","0","(not set)",208
"756","2015020111","0","(not set)",151
"757","2015020112","0","(not set)",243
"758","2015020113","0","(not set)",145
"759","2015020114","0","(not set)",249
"760","2015020115","0","(not set)",203
"761","2015020116","0","(not set)",139
"762","2015020117","0","(not set)",145
"763","2015020118","0","(not set)",151
"764","2015020119","0","(not set)",185
"765","2015020120","0","(not set)",179
"766","2015020121","0","(not set)",197
"767","2015020122","0","(not set)",145
"768","2015020123","0","(not set)",203
"769","2015020200","1","(not set)",243
"770","2015020201","1","(not set)",394
"771","2015020202","1","(not set)",278
"772","2015020203","1","(not set)",423
"773","2015020204","1","(not set)",394
"774","2015020205","1","(not set)",388
"775","2015020206","1","(not set)",417
"776","2015020207","1","(not set)",365
"777","2015020208","1","(not set)",457
"778","2015020209","1","(not set)",515
"779","2015020210","1","(not set)",498
"780","2015020211","1","(not set)",556
"781","2015020212","1","(not set)",504
"782","2015020213","1","(not set)",376
"783","2015020214","1","(not set)",463
"784","2015020215","1","(not set)",371
"785","2015020216","1","(not set)",417
"786","2015020217","1","(not set)",301
"787","2015020218","1","(not set)",214
"788","2015020219","1","(not set)",261
"789","2015020220","1","(not set)",226
"790","2015020221","1","(not set)",313
"791","2015020222","1","(not set)",255
"792","2015020223","1","(not set)",237
"793","2015020300","2","(not set)",399
"794","2015020301","2","(not set)",232
"795","2015020302","2","(not set)",336
"796","2015020303","2","(not set)",411
"797","2015020304","2","(not set)",480
"798","2015020305","2","(not set)",504
"799","2015020306","2","(not set)",342
"800","2015020307","2","(not set)",376
"801","2015020308","2","(not set)",585
"802","2015020309","2","(not set)",596
"803","2015020310","2","(not set)",625
"804","2015020311","2","(not set)",533
"805","2015020312","2","(not set)",619
"806","2015020313","2","(not set)",463
"807","2015020314","2","(not set)",452
"808","2015020315","2","(not set)",486
"809","2015020316","2","(not set)",504
"810","2015020317","2","(not set)",249
"811","2015020318","2","(not set)",220
"812","2015020319","2","(not set)",284
"813","2015020320","2","(not set)",232
"814","2015020321","2","(not set)",220
"815","2015020322","2","(not set)",220
"816","2015020323","2","(not set)",284
"817","2015020400","3","(not set)",191
"818","2015020401","3","(not set)",261
"819","2015020402","3","(not set)",330
"820","2015020403","3","(not set)",342
"821","2015020404","3","(not set)",376
"822","2015020405","3","(not set)",411
"823","2015020406","3","(not set)",440
"824","2015020407","3","(not set)",417
"825","2015020408","3","(not set)",492
"826","2015020409","3","(not set)",729
"827","2015020410","3","(not set)",654
"828","2015020411","3","(not set)",533
"829","2015020412","3","(not set)",480
"830","2015020413","3","(not set)",446
"831","2015020414","3","(not set)",440
"832","2015020415","3","(not set)",452
"833","2015020416","3","(not set)",307
"834","2015020417","3","(not set)",278
"835","2015020418","3","(not set)",226
"836","2015020419","3","(not set)",185
"837","2015020420","3","(not set)",249
"838","2015020421","3","(not set)",261
"839","2015020422","3","(not set)",376
"840","2015020423","3","(not set)",214
"841","2015020500","4","(not set)",226
"842","2015020501","4","(not set)",266
"843","2015020502","4","(not set)",313
"844","2015020503","4","(not set)",452
"845","2015020504","4","(not set)",515
"846","2015020505","4","(not set)",434
"847","2015020506","4","(not set)",411
"848","2015020507","4","(not set)",700
"849","2015020508","4","(not set)",868
"850","2015020509","4","(not set)",845
"851","2015020510","4","(not set)",770
"852","2015020511","4","(not set)",643
"853","2015020512","4","(not set)",666
"854","2015020513","4","(not set)",579
"855","2015020514","4","(not set)",509
"856","2015020515","4","(not set)",585
"857","2015020516","4","(not set)",365
"858","2015020517","4","(not set)",307
"859","2015020518","4","(not set)",226
"860","2015020519","4","(not set)",226
"861","2015020520","4","(not set)",220
"862","2015020521","4","(not set)",226
"863","2015020522","4","(not set)",261
"864","2015020523","4","(not set)",243
"865","2015020600","5","(not set)",110
"866","2015020601","5","(not set)",284
"867","2015020602","5","(not set)",289
"868","2015020603","5","(not set)",411
"869","2015020604","5","(not set)",440
"870","2015020605","5","(not set)",452
"871","2015020606","5","(not set)",353
"872","2015020607","5","(not set)",463
"873","2015020608","5","(not set)",440
"874","2015020609","5","(not set)",498
"875","2015020610","5","(not set)",452
"876","2015020611","5","(not set)",359
"877","2015020612","5","(not set)",509
"878","2015020613","5","(not set)",428
"879","2015020614","5","(not set)",475
"880","2015020615","5","(not set)",405
"881","2015020616","5","(not set)",544
"882","2015020617","5","(not set)",266
"883","2015020618","5","(not set)",191
"884","2015020619","5","(not set)",191
"885","2015020620","5","(not set)",151
"886","2015020621","5","(not set)",174
"887","2015020622","5","(not set)",93
"888","2015020623","5","(not set)",127
"889","2015020700","6","(not set)",104
"890","2015020701","6","(not set)",64
"891","2015020702","6","(not set)",104
"892","2015020703","6","(not set)",151
"893","2015020704","6","(not set)",179
"894","2015020705","6","(not set)",168
"895","2015020706","6","(not set)",116
"896","2015020707","6","(not set)",156
"897","2015020708","6","(not set)",220
"898","2015020709","6","(not set)",197
"899","2015020710","6","(not set)",243
"900","2015020711","6","(not set)",185
"901","2015020712","6","(not set)",278
"902","2015020713","6","(not set)",156
"903","2015020714","6","(not set)",197
"904","2015020715","6","(not set)",174
"905","2015020716","6","(not set)",151
"906","2015020717","6","(not set)",151
"907","2015020718","6","(not set)",203
"908","2015020719","6","(not set)",93
"909","2015020720","6","(not set)",110
"910","2015020721","6","(not set)",127
"911","2015020722","6","(not set)",87
"912","2015020723","6","(not set)",81
"913","2015020800","0","(not set)",87
"914","2015020801","0","(not set)",69
"915","2015020802","0","(not set)",69
"916","2015020803","0","(not set)",145
"917","2015020804","0","(not set)",75
"918","2015020805","0","(not set)",98
"919","2015020806","0","(not set)",156
"920","2015020807","0","(not set)",208
"921","2015020808","0","(not set)",232
"922","2015020809","0","(not set)",243
"923","2015020810","0","(not set)",156
"924","2015020811","0","(not set)",289
"925","2015020812","0","(not set)",255
"926","2015020813","0","(not set)",220
"927","2015020814","0","(not set)",191
"928","2015020815","0","(not set)",197
"929","2015020816","0","(not set)",174
"930","2015020817","0","(not set)",220
"931","2015020818","0","(not set)",127
"932","2015020819","0","(not set)",255
"933","2015020820","0","(not set)",237
"934","2015020821","0","(not set)",191
"935","2015020822","0","(not set)",220
"936","2015020823","0","(not set)",179
"937","2015020900","1","(not set)",307
"938","2015020901","1","(not set)",284
"939","2015020902","1","(not set)",324
"940","2015020903","1","(not set)",480
"941","2015020904","1","(not set)",480
"942","2015020905","1","(not set)",399
"943","2015020906","1","(not set)",417
"944","2015020907","1","(not set)",521
"945","2015020908","1","(not set)",614
"946","2015020909","1","(not set)",758
"947","2015020910","1","(not set)",700
"948","2015020911","1","(not set)",579
"949","2015020912","1","(not set)",469
"950","2015020913","1","(not set)",469
"951","2015020914","1","(not set)",614
"952","2015020915","1","(not set)",515
"953","2015020916","1","(not set)",423
"954","2015020917","1","(not set)",399
"955","2015020918","1","(not set)",261
"956","2015020919","1","(not set)",313
"957","2015020920","1","(not set)",324
"958","2015020921","1","(not set)",272
"959","2015020922","1","(not set)",272
"960","2015020923","1","(not set)",226
"961","2015021000","2","(not set)",307
"962","2015021001","2","(not set)",272
"963","2015021002","2","(not set)",295
"964","2015021003","2","(not set)",446
"965","2015021004","2","(not set)",550
"966","2015021005","2","(not set)",388
"967","2015021006","2","(not set)",388
"968","2015021007","2","(not set)",434
"969","2015021008","2","(not set)",498
"970","2015021009","2","(not set)",544
"971","2015021010","2","(not set)",614
"972","2015021011","2","(not set)",654
"973","2015021012","2","(not set)",521
"974","2015021013","2","(not set)",538
"975","2015021014","2","(not set)",492
"976","2015021015","2","(not set)",631
"977","2015021016","2","(not set)",446
"978","2015021017","2","(not set)",330
"979","2015021018","2","(not set)",232
"980","2015021019","2","(not set)",243
"981","2015021020","2","(not set)",220
"982","2015021021","2","(not set)",266
"983","2015021022","2","(not set)",301
"984","2015021023","2","(not set)",232
"985","2015021100","3","(not set)",226
"986","2015021101","3","(not set)",284
"987","2015021102","3","(not set)",330
"988","2015021103","3","(not set)",463
"989","2015021104","3","(not set)",446
"990","2015021105","3","(not set)",434
"991","2015021106","3","(not set)",342
"992","2015021107","3","(not set)",411
"993","2015021108","3","(not set)",509
"994","2015021109","3","(not set)",602
"995","2015021110","3","(not set)",590
"996","2015021111","3","(not set)",619
"997","2015021112","3","(not set)",480
"998","2015021113","3","(not set)",457
"999","2015021114","3","(not set)",440
"1000","2015021115","3","(not set)",463
